[
{"Nom":"Berrada","Prenom":"Mehdi","ville1":"Nantes","ville2":"Montbeliard","adresse1":"15 rue de l'école","adresse2":"100 route d'audincourt","cp1": 44000, "cp2": 25200, "groupe": "GB2"},
{"Nom":"Chevassu","Prenom":"Matéo","ville1":"Besançon","ville2":"Montbeliard","adresse1":"17 rue de la retraite sentimentale","adresse2":"100 route d'audincourt","cp1": 25000, "cp2": 25200, "groupe": "LK2"},
{"Nom":"Cevik","Prenom":"Altay","ville1":"Audincourt","ville2":null,"adresse1":"19 Avenue Jean Jaurès","adresse2":null,"cp1": 25400, "cp2": null, "groupe": "GB2"},
{"Nom":"Redouté","Prenom":"Maxime","ville1":"Valentigney","ville2":null,"adresse1":"25 rue des poirriers","adresse2":null,"cp1": 25700, "cp2": null, "groupe": "GB2"},
{"Nom":"Amghar","Prenom":"Mourad","ville1":"Valentigney","ville2":null,"adresse1":"33 rue de la novie","adresse2":null,"cp1": 25700, "cp2": null, "groupe": "GB2"},
{"Nom":"Benyahia","Prenom":"Yanis","ville1":"Audincourt","ville2":null,"adresse1":"5 rue de la charboniere","adresse2":null,"cp1": 25400, "cp2": 25700, "groupe": "GB2"},
{"Nom":"Abouhnaik","Prenom":"Chadi","ville1":"Montbeliard","ville2":"Valentigney","adresse1":"3 rue Pierre Donzelot","adresse2":"10 rue Armand peugeot","cp1": 25200, "cp2": null, "groupe": "GB2"},
{"Nom":"Toilha","Prenom":"Eric","ville1":"Belfort","ville2":null,"adresse1":"5 rue de Moscou","adresse2":null,"cp1": 90000, "cp2": null, "groupe": "GB2"},
{"Nom":"Harchaoui","Prenom":"Sami","ville1":"St Loup Sur Semouse","ville2":"Montbeliard","adresse1":"41 rue du breuil","adresse2":"23 Rue Mauric Ravel","cp1": 70800, "cp2": 25200, "groupe": "GB2"},
{"Nom":"Fouka","Prenom":"Anisse","ville1":"Audincourt","ville2":null,"adresse1":"15 rue Leo Ferré","adresse2":null,"cp1": 25400, "cp2": null, "groupe": "GB2"},
{"Nom":"Zerrar","Prenom":"Yanis","ville1":"Montbeliard","ville2":null,"adresse1":"8 rue du buffon","adresse2":null,"cp1": 25200, "cp2": null, "groupe": "GB2"},
{"Nom":"Hamdi","Prenom":"Locqmen","ville1":"Audincourt","ville2":null,"adresse1":"101 Avenue du 8 mai","adresse2":null,"cp1": 25400, "cp2": null, "groupe": "GB2"},
{"Nom":"Kut","Prenom":"Suha","ville1":"Besançon","ville2":"Montbeliard","adresse1":"50B Rue Mirabeau","adresse2":"23 Rue Maurice Ravel","cp1": 25000, "cp2": 25200, "groupe": "LK2"},
{"Nom":"Kilic","Prenom":"Fatih","ville1":"Valentigney","ville2":null,"adresse1":"111 rue des graviers","adresse2":null,"cp1": 25700, "cp2": null, "groupe": "LK2"},
{"Nom":"Chaker","Prenom":"Nabil","ville1":"Belfort","ville2":null,"adresse1":"20 Boulevard Analtole France","adresse2":null,"cp1": 90000, "cp2": null, "groupe": "LK1"},
{"Nom":"Solis Macedo","Prenom":"Paul","ville1":"Le Mesnil Amelot","ville2":"Belfort","adresse1":"1 bis rue de bosnier","adresse2":"1 avenue charles bhon","cp1": 77990, "cp2": 90000, "groupe": "GB1"},
{"Nom":"Ockandji","Prenom":"Ardy","ville1":"Montbeliard","ville2":null,"adresse1":"37 rue georges clemenceau","adresse2":null,"cp1": 25200, "cp2": null, "groupe": "GB1"},
{"Nom":"Tchitembo","Prenom":"Richardy","ville1":"Belfort","ville2":null,"adresse1":"2 rue Ernest Duvillard","adresse2":null,"cp1": 90000, "cp2": null, "groupe": "GB1"},
{"Nom":"Nganga","Prenom":"Mario","ville1":"Montbeliard","ville2":null,"adresse1":"37 rue georges clemenceau","adresse2":null,"cp1": 25200, "cp2": null, "groupe": "LK1"},
{"Nom":"Ngoma","Prenom":"Dorcasse","ville1":"Montbeliard","ville2":null,"adresse1":"37 rue georges clemenceau","adresse2":null,"cp1": 25200, "cp2": null, "groupe": "GB2"},
{"Nom":"Paulino","Prenom":"Ronaldo","ville1":"Montbeliard","ville2":null,"adresse1":"37 rue georges clemenceau","adresse2":null,"cp1": 25200, "cp2": null, "groupe": "LK1"},
{"Nom":"Kurul","Prenom":"Fatih","ville1":"Montbeliard","ville2":"Mulhouse","adresse1":"24 rue de Audincourt","adresse2":"23 rue de kingersheim","cp1": 25200, "cp2": 68200, "groupe": "LK1"},
{"Nom":"Rabergeau","Prenom":"Nicolas","ville1":"Montbeliard","ville2":"Salins-Les-Bains","adresse1":"23 maurice ravel","adresse2":"73 rue de la republique","cp1": 25200, "cp2": 39110, "groupe": "LK1"},
{"Nom":"Wittig","Prenom":"Antonin","ville1":"Hericourt","ville2":"Montbeliard","adresse1":"3 rue des avenues","adresse2":"1 impasse de l'entrée","cp1": 70400, "cp2": 25200, "groupe": "LK2"},
{"Nom":"Lucas","Prenom":"Antoine","ville1":"Arbois","ville2":"Montbeliard","adresse1":"4 rue du château Pécauld","adresse2":"100 route d'Audincourt","cp1": 39600, "cp2": 25200, "groupe": "LK1"},
{"Nom":"Prinzbach","Prenom":"Lilian","ville1":"Meyenheim","ville2":"Montbeliard","adresse1":"2 impasse des Pommiers","adresse2":"100 route d'Audincourt","cp1": 68890, "cp2": 25200, "groupe": "LK1"},
{"Nom":"Gambier","Prenom":"Maxence","ville1":"Montbeliard","ville2":null,"adresse1":"100 route d'audincourt","adresse2":null,"cp1": 25200, "cp2": null, "groupe": "LK2"},
{"Nom":"Aoussar","Prenom":"Driss","ville1":"Grand-Charmont","ville2":null,"adresse1":"4 allée du Hainault","adresse2":null,"cp1": 25200, "cp2": null, "groupe": "LK2"},
{"Nom":"Dogan","Prenom":"Eren","ville1":"Grand-Charmont","ville2":null,"adresse1":"4 rue de Normandie","adresse2":null,"cp1": 25200, "cp2": null, "groupe": "LK1"},
{"Nom":"Marchand","Prenom":"Théo","ville1":"Triel-Sur-Seine","ville2":"Montbeliard","adresse1":"6 RUE Cadot","adresse2":"36 rue saint Goerges","cp1": 78510, "cp2": 25200, "groupe": "LK1"},
{"Nom":"Le Gousse","Prenom":"Adrien","ville1":"Viry-Chatillon","ville2":"Belfort","adresse1":"14 avenue de l'aqueduc","adresse2":"102 rue de la croix du tilleul","cp1": 91170, "cp2": 90000, "groupe": "GB1"},
{"Nom":"Coudert","Prenom":"Yoland","ville1":"Vichy","ville2":"Montbeliard","adresse1":"8 avenue de France","adresse2":"8 rue des potiers","cp1": 3200, "cp2": 25200, "groupe": "GB1"},
{"Nom":"Thayaparan","Prenom":"Ansuhan","ville1":"Giromagny","ville2":null,"adresse1":"38 faubourg de belfort","adresse2":null,"cp1": 90200, "cp2": null, "groupe": "GB1"},
{"Nom":"Guesdon","Prenom":"Mathis","ville1":"Besançon","ville2":"Montbeliard","adresse1":"12 impasse le corbusier","adresse2":"25 rue Georges Cuvier","cp1": null, "cp2": 25200, "groupe": "LK2"},
{"Nom":"Dezzaz","Prenom":"Yanis","ville1":"Orleans","ville2":"Montbeliard","adresse1":"3 rue du jardin dans l'ile","adresse2":"23 Rue Maurice Ravel","cp1": 45000, "cp2": 25200, "groupe": "LK2"},
{"Nom":"Biermé","Prenom":"Julien","ville1":"Montbeliard","ville2":null,"adresse1":"23 Rue Maurice Ravel","adresse2":null,"cp1": 25200, "cp2": null, "groupe": "GB1"},
{"Nom":"Beaudoux","Prenom":"Timothée","ville1":"Montbeliard","ville2":null,"adresse1":"6 Allée du Thiergarten","adresse2":null,"cp1": 25200, "cp2": null, "groupe": "GB1"},
{"Nom":"Greder","Prenom":"Guillaume","ville1":"Montbeliard","ville2":"Vouhenans","adresse1":"23 Rue Maurice Ravel","adresse2":"5 rue de la petite vie","cp1": 25200, "cp2": 70200, "groupe": "LK1"},
{"Nom":"Paquelet","Prenom":"Etienne","ville1":"Bourg-En-Bresse","ville2":"Montbeliard","adresse1":"250 Chemin des Murailles","adresse2":"100 route d'audincourt","cp1": 1000, "cp2": 25200, "groupe": "LK2"},
{"Nom":"Dakhouche","Prenom":"Bilal","ville1":"Besançon","ville2":"Montbeliard","adresse1":"22 Rue Danton","adresse2":"23 Rue Maurice Ravel","cp1": 25000, "cp2": 25200, "groupe": "GB2"},
{"Nom":"Knoepffler-Pout","Prenom":"Xavier","ville1":"Sermamagny","ville2":null,"adresse1":"16 Rue de Valdoie","adresse2":null,"cp1": 90300, "cp2": null, "groupe": "LK1"},
{"Nom":"Gallay","Prenom":"Dorian","ville1":"Rang","ville2":"Mandeure","adresse1":"7 rue de la goulisse","adresse2":"25 rue de Beaulieu","cp1": 25250, "cp2": 25350, "groupe": "GB1"}
]